{
    "config": {
        "crypto-currencies": {
            "Bitcoin": {
                "enabled": true,
                "pairs": [
                    "BTC/USDT"
                ]
            }
        },
        "exchanges": {
            "binance": {
                "enabled": true,
                "exchange-type": "spot"
            }
        },
        "trader": {
            "enabled": false,
            "load-trade-history": false
        },
        "trader-simulator": {
            "enabled": true,
            "fees": {
                "maker": 0.01,
                "taker": 0.06
            },
            "starting-portfolio": {
                "BTC": 0,
                "USD": 0,
                "USDT": 10000
            }
        },
        "trading": {
            "reference-market": "USDT",
            "risk": 0.5
        }
    },
    "profile": {
        "avatar": "matrix-icon.png",
        "description": "",
        "id": "238ba159-280d-4d64-b53d-79f761efa84b",
        "imported": false,
        "name": "lorentzian-classification",
        "origin_url": null,
        "read_only": false
    }
}