{
    "installation_context": {
        "octobot_version": "0.4.40"
    },
    "registered_tentacles": {
    },
    "tentacle_activation": {
        "Automation": {
            "CancelOpenOrders": true,
            "NoCondition": true,
            "PeriodicCheck": true,
            "PriceThreshold": true,
            "ProfitabilityThreshold": true,
            "SellAllCurrencies": true,
            "SendNotification": true,
            "StopTrading": true
        },
        "Backtesting": {
            "ExchangeBotSnapshotCollector": true,
            "ExchangeHistoryDataCollector": true,
            "ExchangeLiveDataCollector": true,
            "GenericExchangeDataImporter": true,
            "LegacyDataConverter": true
        },
        "Evaluator": {
            "ADXMomentumEvaluator": false,
            "BBMomentumEvaluator": false,
            "BlankStrategyEvaluator": false,
            "CandlesUtil": true,
            "DeathAndGoldenCrossEvaluator": false,
            "DipAnalyserStrategyEvaluator": false,
            "DoubleMovingAverageTrendEvaluator": false,
            "EMADivergenceTrendEvaluator": false,
            "GoogleTrendsEvaluator": false,
            "InstantFluctuationsEvaluator": false,
            "InstantMAEvaluator": false,
            "KlingerOscillatorMomentumEvaluator": false,
            "KlingerOscillatorReversalConfirmationMomentumEvaluator": false,
            "LorentzianClassificationEvaluator": false,
            "MACDMomentumEvaluator": false,
            "MoveSignalsStrategyEvaluator": false,
            "OverallStateAnalyser": true,
            "PatternAnalyser": true,
            "RSIMomentumEvaluator": false,
            "RSIWeightMomentumEvaluator": false,
            "RedditForumEvaluator": false,
            "SimpleStrategyEvaluator": false,
            "StatisticAnalysis": true,
            "StochasticRSIVolatilityEvaluator": false,
            "SuperTrendEvaluator": false,
            "TechnicalAnalysisStrategyEvaluator": false,
            "TelegramChannelSignalEvaluator": false,
            "TelegramSignalEvaluator": false,
            "TextAnalysis": true,
            "TimeFrameStrategyEvaluator": true,
            "TrendAnalysis": true,
            "TwitterNewsEvaluator": false,
            "trade_analysis": false
        },
        "Meta": {
            "matrix_basic_keywords": true
        },
        "RunAnalysis": {},
        "Services": {
            "GoogleService": true,
            "GoogleServiceFeed": true,
            "RedditService": true,
            "RedditServiceFeed": true,
            "TelegramApiService": true,
            "TelegramApiServiceFeed": true,
            "TelegramBotInterface": true,
            "TelegramNotifier": true,
            "TelegramService": true,
            "TelegramServiceFeed": true,
            "TradingViewService": true,
            "TradingViewServiceFeed": true,
            "TwitterNotifier": true,
            "TwitterService": true,
            "TwitterServiceFeed": true,
            "WebHookService": true,
            "WebInterface": true,
            "WebNotifier": true,
            "WebService": true
        },
        "Trading": {
            "ArbitrageTradingMode": false,
            "AscendEx": true,
            "AscendexCCXTWebsocketConnector": true,
            "Binance": true,
            "BinanceCCXTWebsocketConnector": true,
            "BinanceUS": true,
            "BinanceUSCCXTFeedConnector": true,
            "Bitfinex": true,
            "BitfinexCCXTWebsocketConnector": true,
            "Bitget": true,
            "BitgetCCXTWebsocketConnector": true,
            "Bithumb": true,
            "Bitmex": true,
            "Bitso": true,
            "Bitstamp": true,
            "Bittrex": true,
            "BittrexCCXTWebsocketConnector": true,
            "BlankTradingMode": false,
            "Bybit": true,
            "BybitCCXTWebsocketConnector": true,
            "CoinbasePro": true,
            "CoinbaseProCCXTWebsocketConnector": true,
            "Coinex": true,
            "ConfigurableDefaultCCXTRestExchange": true,
            "DCATradingMode": false,
            "DailyTradingMode": false,
            "DipAnalyserTradingMode": false,
            "GateIO": true,
            "GateIOCCXTWebsocketConnector": true,
            "GridTradingMode": false,
            "Hitbtc": true,
            "Huobi": true,
            "HuobiCCXTWebsocketConnector": true,
            "HuobiPro": true,
            "HuobiProCCXTWebsocketConnector": true,
            "Kraken": true,
            "KrakenCCXTWebsocketConnector": true,
            "Kucoin": true,
            "KucoinCCXTWebsocketConnector": true,
            "LorentzianClassificationMode": true,
            "Ndax": true,
            "OKXCCXTWebsocketConnector": true,
            "Okcoin": true,
            "Okx": true,
            "Phemex": true,
            "PhemexCCXTWebsocketConnector": true,
            "Poloniex": true,
            "RemoteTradingSignalsTradingMode": false,
            "SignalTradingMode": false,
            "StaggeredOrdersTradingMode": false,
            "TradingViewSignalsTradingMode": false,
            "UpbitExchange": true,
            "WavesExchange": true,
            "hollaex": true
        },
        "profiles": {},
        "tentacles": {}
    }
}